-- Production Data Export
-- Generated: 2026-02-27 11:58:46.927889

-- Hospitals
INSERT INTO hospital (id, name, address, contact, admin_id, description) VALUES (1, 'Test General Hospital', '123 Test Street, Test City, TC 12345', '1234567890', 1, 'A test hospital for development purposes');
INSERT INTO hospital (id, name, address, contact, admin_id, description) VALUES (2, 'ADITHYA HOSPITALS', 'SRI SAI NAGAR , PRAGATHI NAGAR,BACHUPALLY', '+917893031396', 5, 'ONE OF THE MOST FAMOUS HOSPITALS IN THE PRESENT CITY');
INSERT INTO hospital (id, name, address, contact, admin_id, description) VALUES (3, 'ASHOK HOSPITAL ', '4-3/10, SRI SAI NAGAR, BACHUPALLY, HYDERABAD', '+917893031396', 11, 'best hospital in the hyderabad');
INSERT INTO hospital (id, name, address, contact, admin_id, description) VALUES (4, 'Aditya Hospitals', 'hyderabd', '8989723145', 12, 'famous hospital in the hyderabad and good in cardiac');
INSERT INTO hospital (id, name, address, contact, admin_id, description) VALUES (5, 'ESI HOSPITAL', 'SANATH NAGAR, ERRAGADA, HYDERABAD', '6567898769', 13, 'Govt hospital and free for ESI card holders');

-- Doctors
INSERT INTO doctor (id, user_id, hospital_id, specialization, experience, consultation_fee, about) VALUES (1, 2, 1, 'General Medicine', 5, 50.0, 'Experienced general practitioner with 5 years of practice');
INSERT INTO doctor (id, user_id, hospital_id, specialization, experience, consultation_fee, about) VALUES (2, 6, 2, 'Orthopedic', 3, 1000.0, 'MBBS IN THE MADURAI UNIVERSITY');
INSERT INTO doctor (id, user_id, hospital_id, specialization, experience, consultation_fee, about) VALUES (3, 9, 2, 'Cardiologist', 10, 2300.0, '');
INSERT INTO doctor (id, user_id, hospital_id, specialization, experience, consultation_fee, about) VALUES (4, 15, 5, 'Dermatologist', 5, 1000.0, 'Board-certified Dermatologist with 5 years of clinical experience in diagnosing and treating complex skin, hair, and nail disorders. Proven track record in improving patient outcomes through tailored medical, surgical, and aesthetic protocols. Skilled in laser treatments, anti-aging, and skin rejuvenation with a focus on natural, long-lasting results. Passionate about community education on sun safety and preventive skin cancer care.');
INSERT INTO doctor (id, user_id, hospital_id, specialization, experience, consultation_fee, about) VALUES (5, 16, 5, 'General Physician', 10, 1500.0, 'Passionate and seasoned General Practitioner with 10+ years of clinical experience in high-volume settings. Adept at diagnosing complex cases, managing chronic conditions (diabetes, hypertension), and implementing preventative health strategies. Proven ability to foster a positive, supportive environment for patients, resulting in high patient satisfaction. Dr. [Name] is committed to staying at the forefront of medical advancements to deliver the highest standard of care to every patient.');
INSERT INTO doctor (id, user_id, hospital_id, specialization, experience, consultation_fee, about) VALUES (6, 17, 4, 'Cardiologist', 12, 2000.0, 'D.Adiya | Senior Cardiologist (12+ Years Experience) 

Specialist in [Interventional/Non-Invasive/Preventive] Cardiology. Dedicated to excellence in heart care through [mention a key skill, e.g., advanced imaging/angioplasty] and compassionate patient management. Passionate about reducing cardiovascular disease burden through early diagnosis and innovation');
INSERT INTO doctor (id, user_id, hospital_id, specialization, experience, consultation_fee, about) VALUES (7, 18, 4, 'Orthopedic', 15, 2000.0, 'With a 15-year passion for restoring mobility and alleviating pain, Dr. [Your Name] brings expert care to patients dealing with chronic joint conditions and complex musculoskeletal injuries. Dr. JAGANATH combines surgical precision with a warm bedside manner, believing that understanding a patient''s personal goals is key to successful treatment. Whether it’s arthritis management or advanced surgical reconstruction, Dr. [Your Name] focuses on bringing patients back to their active lives, safer and faster.');
INSERT INTO doctor (id, user_id, hospital_id, specialization, experience, consultation_fee, about) VALUES (8, 19, 3, 'Neurologist', 15, 2000.0, 'Expert Neurologist with a 15-year career dedicated to mastering the complexities of the human nervous system. I believe in combining cutting-edge medicine with a compassionate, listening ear to help patients navigate challenging neurological diagnoses. Specializing in [Specific Areas], I am passionate about finding the right treatment path to improve patient outcomes and independence.');
INSERT INTO doctor (id, user_id, hospital_id, specialization, experience, consultation_fee, about) VALUES (9, 20, 3, 'General Physician', 20, 2000.0, 'Dr. AKSHITH is a seasoned General Physician recognized for providing comprehensive, compassionate care to patients of all ages. Having managed a high volume of acute and chronic conditions over 20 years, Dr. [Your Name] excels in early diagnosis, evidence-based treatment plans, and preventative care. Passionate about building long-term patient relationships, Dr. [Your Name] combines vast clinical experience with a patient-centric approach to improve health outcomes and quality of life.');

-- Users
INSERT INTO user (id, email, password_hash, name, user_type, phone, age, gender, blood_group, height, weight, address, emergency_contact) VALUES (1, 'admin@test.com', 'scrypt:32768:8:1$yFrfA2XZC9Y0tWPP$e0f2352bf0354fc258bcb22cccc25dcb0585f8b99c95486f6f5c230fc14dd246746bd7ca8c32182d9ea97f9f620063e4e7b8406ad639decf862fae098c52baa4', 'Admin User', 'hospital_admin', '1234567890', NULL, NULL, NULL, NULL, NULL, NULL, NULL);
INSERT INTO user (id, email, password_hash, name, user_type, phone, age, gender, blood_group, height, weight, address, emergency_contact) VALUES (2, 'doctor@test.com', 'scrypt:32768:8:1$400DN7NoZFKdfSdX$77e1e12cb3ede07eb1dbef9036ee25bb8325ae1d295a0394248c3153ff7c8405933685ab63a47e45061eea125e364686d13105a6a37a28f30da9502f35a74347', 'Dr. John Smith', 'doctor', '5551234567', NULL, NULL, NULL, NULL, NULL, NULL, NULL);
INSERT INTO user (id, email, password_hash, name, user_type, phone, age, gender, blood_group, height, weight, address, emergency_contact) VALUES (3, 'patient@test.com', 'scrypt:32768:8:1$UEoGNNYdugWRxKM2$56861d6a52bcbcc14d1706cf46d45f20c999c6252e0f9aebd3b4416251b7c9067df8cd47ea7fbeaafbe0169425cef6e6f2c2aa88de17299bdaa3ac65d39fd474', 'Test Patient', 'patient', '9876543210', NULL, NULL, NULL, NULL, NULL, NULL, NULL);
INSERT INTO user (id, email, password_hash, name, user_type, phone, age, gender, blood_group, height, weight, address, emergency_contact) VALUES (4, '1@gmail.com', 'scrypt:32768:8:1$cBCeNOmnLs14aOfG$bd24b3fe0cacb653cb3caeab67bc90d797806260ce2afcad591d92e3afce5ee482ab1a40b8f60888d2b99a895f3d1f6acb209b20ad9aa28bf64f71108f6f5ec2', 'ASHISH', 'patient', '+917893031396', 21, 'Male', 'AB+', 170.1, 88.0, 'SRI SAI NAGAR , PRAGATHI NAGAR,BACHUPALLY', '8872827827');
INSERT INTO user (id, email, password_hash, name, user_type, phone, age, gender, blood_group, height, weight, address, emergency_contact) VALUES (5, '2@gmail.com', 'scrypt:32768:8:1$rAAia0lbShwiBLdY$1f8c21bb11a0615842b922aad484e4fd8c79f890b6bd34298c9b5d38a520b56bb4fc648bedbf1e9ef3757c890e1642e632daa1b648a229d377796c36725f98bd', 'ADITHYA', 'hospital_admin', '+917893031396', NULL, NULL, NULL, NULL, NULL, NULL, NULL);
INSERT INTO user (id, email, password_hash, name, user_type, phone, age, gender, blood_group, height, weight, address, emergency_contact) VALUES (6, '3@gmail.com', 'scrypt:32768:8:1$rX9V1Xzc6fEVZ4xG$b67eccc8082a4a1b5083dcb0e88bd6c8249ae12c7fa56aeaf9902219e6a94a479e5862246350a75e48b2b96352ddb10645cbee3138feef0fed00d8bc86801657', 'DEESHA', 'doctor', NULL, NULL, NULL, NULL, NULL, NULL, NULL, NULL);
INSERT INTO user (id, email, password_hash, name, user_type, phone, age, gender, blood_group, height, weight, address, emergency_contact) VALUES (7, '9@gmail.com', 'scrypt:32768:8:1$AGHZ7HEgaIB9d0m5$bf52299e606cb936ab02118b00a87567285af0c0f7cad85ac020910dcba4e5a09b0072c17d900c020ab6e221722c42c1eca5e71728a256c48db25df1b19ca12a', 'Naveen', 'doctor', '9849934515', NULL, NULL, NULL, NULL, NULL, NULL, NULL);
INSERT INTO user (id, email, password_hash, name, user_type, phone, age, gender, blood_group, height, weight, address, emergency_contact) VALUES (8, 'naveenraj1315@gmail.com', 'scrypt:32768:8:1$7hdNCsfrH8jG6YPX$8f6a3bd301507cd9c9c0975e1b48202f6e50f4da1cbe0f8e0c21c134fb7fa9dc3205e9659ea53ef8dc8efd44dcb497be605d0c36497f0232dfec5ae030fe3a32', 'Naveen', 'doctor', '9849934515', NULL, NULL, NULL, NULL, NULL, NULL, NULL);
INSERT INTO user (id, email, password_hash, name, user_type, phone, age, gender, blood_group, height, weight, address, emergency_contact) VALUES (9, 'naveenraj131521@gmail.com', 'scrypt:32768:8:1$pNEo09EMB01KVHFc$df136a294c9de841a4ac8703deb1dd79518030d1f09677830b9cd8328d0c1b9f44984d2ea76bd2e4c62d38586ef3dbc73659b21e4b5f7eca10dc18ef991271fb', 'Naveen', 'doctor', NULL, NULL, NULL, NULL, NULL, NULL, NULL, NULL);
INSERT INTO user (id, email, password_hash, name, user_type, phone, age, gender, blood_group, height, weight, address, emergency_contact) VALUES (10, 'exploreai45@gmail.com', 'scrypt:32768:8:1$aek4ub78MNEw3YEV$cb009193a656642348e2219cb7d95f92f1dab9ff7bdcc3649584451e93ae27d92ce0e14b86ebf9d9de58967954323c0c30fd8f9ffe7e8671c0ef4f9b936b10b1', 'ASHOK', 'patient', '7893031396', 22, 'Male', 'AB+', 170.0, 86.0, 'hyderabad', '7893031396');
INSERT INTO user (id, email, password_hash, name, user_type, phone, age, gender, blood_group, height, weight, address, emergency_contact) VALUES (11, 'eppiliashokkumara@gmail.com', 'scrypt:32768:8:1$0cF0IolpjSEokPc7$7bd6012dc4a96058b1d155ed6e68fb9cd3d8414a986a1f32ebed99247f06be1f75bdc6e2e540deea2c644f6ed2aaf14128012a4584382cac06f1b6a18eae2f57', 'ASHOK HOSPITALS', 'hospital_admin', '+917893031396', NULL, NULL, NULL, NULL, NULL, NULL, NULL);
INSERT INTO user (id, email, password_hash, name, user_type, phone, age, gender, blood_group, height, weight, address, emergency_contact) VALUES (12, 'Aditya@gmail.com', 'scrypt:32768:8:1$8NPNTfxTGpSBHEMl$a691f89ff96d1c514151f6d657afa2b88246e931d7be98851ec781ef37ab11894f7441d8ba93eb0f409165e72cab4ca97bd190111349b4b8a01c97ee96751aac', 'ADITHYA', 'hospital_admin', '8989723145', NULL, NULL, NULL, NULL, NULL, NULL, NULL);
INSERT INTO user (id, email, password_hash, name, user_type, phone, age, gender, blood_group, height, weight, address, emergency_contact) VALUES (13, '123@gmail.com', 'scrypt:32768:8:1$Szi8iaZ962rvvV0A$6c71042a59fa2f33013b148ab5fff1c165298909f5beea4ab7f315dec8f9ccb659b0be0d1055100765f012127c0c6c2e8c0fa8f260fccd860f1b240789e79ea7', 'ASHISH', 'hospital_admin', '6567898769', NULL, NULL, NULL, NULL, NULL, NULL, NULL);
INSERT INTO user (id, email, password_hash, name, user_type, phone, age, gender, blood_group, height, weight, address, emergency_contact) VALUES (15, 'Ashok@gmail.com', 'scrypt:32768:8:1$353V67iyzertfjRb$850cc3b8c78a18661934c6b7e3791d0f977395e13647d54968aa05f8e369005b5315074e5d42e846fb89f199ef7288bc12a738f9a2376305b36edda17825b424', 'ASHOK', 'doctor', NULL, NULL, NULL, NULL, NULL, NULL, NULL, NULL);
INSERT INTO user (id, email, password_hash, name, user_type, phone, age, gender, blood_group, height, weight, address, emergency_contact) VALUES (16, 'Ashish@gmail.com', 'scrypt:32768:8:1$bhUKyrvvHu7zeld8$146681f148f5103180830b8953d8a2b856a25022cfafb53bbca2d5a577da9b7348b685a5404c2479878a825e2f39f7fb6366b696a195ad9e9d18eab0befab187', 'ASHISH', 'doctor', NULL, NULL, NULL, NULL, NULL, NULL, NULL, NULL);
INSERT INTO user (id, email, password_hash, name, user_type, phone, age, gender, blood_group, height, weight, address, emergency_contact) VALUES (17, 'adi@gmail.com', 'scrypt:32768:8:1$fvIf7HfgVU44MAPU$ba9978be1e2d1d4745df67a0aa8d089fa8f7092910e64885669053c9c0cda3460c668cfeb19c3077816fe2a734bba5966a22deea461f0afc823750d4916dcf97', 'Aditya', 'doctor', NULL, NULL, NULL, NULL, NULL, NULL, NULL, NULL);
INSERT INTO user (id, email, password_hash, name, user_type, phone, age, gender, blood_group, height, weight, address, emergency_contact) VALUES (18, 'jagan@gmail.com', 'scrypt:32768:8:1$op9hg6yrUBKAnCN9$d4fa40b611058e678e474ed89ef98f93397ba409473e2a5032e2fc16d4d9c245051792e8d74f3229ef8c8067ede888cb41c3819bdbb86aaefcb432ba20de80ed', 'Jagan', 'doctor', NULL, NULL, NULL, NULL, NULL, NULL, NULL, NULL);
INSERT INTO user (id, email, password_hash, name, user_type, phone, age, gender, blood_group, height, weight, address, emergency_contact) VALUES (19, 'SUBARAO@gmail.com', 'scrypt:32768:8:1$FUQmF4CjtauxFAOB$d9377bb43b146e67a2a9001ffca54d98fb8fd8f1922bbc65c0a58381703e1aa2c1c26c6537484781529cae02ea1063514898c2af35b9422824409d0c9c4d53d5', 'SUBARAO ', 'doctor', NULL, NULL, NULL, NULL, NULL, NULL, NULL, NULL);
INSERT INTO user (id, email, password_hash, name, user_type, phone, age, gender, blood_group, height, weight, address, emergency_contact) VALUES (20, 'Akshith@gmail.com', 'scrypt:32768:8:1$uzomunlBWIJXDB4X$37e81fc5776bbc61e8f4b2b120c3c0c96e729c04f5cbe91a5b9c7e30c8d7ee2b6a4ac6613023fce08a23e75c5811f9f03cafbcf1dff4b30dabde9a9278a373b8', 'AKSHITH', 'doctor', NULL, NULL, NULL, NULL, NULL, NULL, NULL, NULL);
